Combined_ID	CanonicalSMILES	Name	logB	stdev
swe2_data_266	CC(COc1ccccc1Cc1ccccc1)N1CCCCC1	Benproperine	-0.46962670632997056	0.20194212572781656
amar_data_264+swe2_data_527	CC(C)CC(N)C(=O)NC(C(=O)O)C(C)C	Leucylvaline	-1.3126161526877744	0.6278810831990769
amar_data_389+snf_data_298+swe2_data_753	Cc1cc(NS(=O)(=O)c2ccc(N)cc2)no1	Sulfamethoxazole	-0.6503301604723373	0.5708931014070329
amar_data_30	Cc1cccc(S(=O)(=O)O)c1C	2,3-Dimethylbenzenesulfonic acid	-1.2879863547175034	0.8052495741071288
aus_data_241	CC(C)CC(NC(=O)OC(C)(C)C)C(N)=O	tert-Butyl N-[1-(aminocarbonyl)-3-methylbutyl]carbamate	-2.144011815823867	0.5491929969805293
snf_data_3308+swe2_data_418	CCc1cccc2c3c([nH]c12)C(CC)(CC(=O)O)OCC3	Etodolac	-0.17395295360971125	0.19750102977950318
aus_data_51	CC(=O)c1ccccc1	Acetophenone	-1.9459573577161782	0.7184156829938226
aus_data_319	CCC=CCC(O)C(O)C=CC(O)CCCCCCCC(=O)O	(10e,15z)-9,12,13-Trihydroxyoctadeca-10,15-dienoic acid	-1.4259687322722812	0.3256832641813679
amar_data_86+swe2_data_182	O=[N+]([O-])c1ccc(O)cc1	4-Nitrophenol	-0.6157454461032699	0.6543824106585164
aus_data_94	NC1=NCCN1Cc1ccc(Cl)nc1	Desnitro-imidacloprid	-0.07066827325837312	0.1218582939705604
aus_data_254	CC(=CCNc1ncnc2nc[nH]c12)CO	trans-Zeatin	-1.106713916502101	0.5249593837915559
aus_data_43	Cc1ccc(C(N)=O)cn1	6-Methylnicotinamide	-0.8717255673449706	0.3880636496873314
aus_data_332	CC(Cc1ccc(C(C)C(=O)O)cc1)C(=O)O	Carboxyibuprofen	-1.682746592372906	0.6408827714091244
aus_data_275	CCCCC=CC=CC=CCCCCCCCC(=O)O	alpha-Eleostearic acid	-1.212571984423148	0.13054760094405643
aus_data_69+swe2_data_303	O=C1CCCCCN1	Caprolactam	-0.21791708748259503	0.23943520548728994
amar_data_363+snf_data_171+swe2_data_708	CC(C)NCC(O)COc1cccc2ccccc12	Propranolol	0.03504237432899366	0.44392566385796073
aus_data_219	CC(O)COC(C)COC(C)COC(C)COC(C)COC(C)CO	Hexapropylene glycol	-0.6292843829075512	0.440873658656695
amar_data_231+swe2_data_474	COc1cc(CC(=O)O)ccc1O	Homovanillic acid	-1.0319140914005502	0.5991216711867579
swe2_data_693	O=C(C1CCCCC1)N1CC(=O)N2CCc3ccccc3C2C1	Praziquantel	-0.1396293460063816	0.10852669239336797
swe2_data_299	OCC=Cc1ccc(O)c(O)c1	Caffeyl alcohol	-0.8283837121509463	0.5500140299143659
amar_data_205+snf_data_2666+swe2_data_433	N#Cc1nn(-c2c(Cl)cc(C(F)(F)F)cc2Cl)c(N)c1S(=O)C(F)(F)F	fipronil	-0.380924071237773	0.3633407498304332
swe2_data_765	CN1C(=O)C(O)N=C(c2ccccc2)c2cc(Cl)ccc21	Temazepam	-0.003054552987758174	0.22180236169649156
aus_data_303	O=S(=O)(O)c1ccc(O)c(O)c1	3,4-Dihydroxybenzenesulfonic acid	-1.364147310141006	0.10277579623290933
swe2_data_186	c1ccc(-c2cnc[nH]2)cc1	4-Phenylimidazole	0.013743612991093442	0.41637582870307993
swe2_data_813	CC(CCl)OP(=O)(OC(C)CCl)OC(C)CCl	Tris(1-chloro-2-propyl)phosphate	-0.04900049065200021	0.2641772067257497
aus_data_147+amar_data_265+snf_data_2857+swe2_data_528	c1ccc(C2CN3CCSC3=N2)cc1	Levamisole	-0.7283073634766039	0.2531215844166784
swe2_data_211	O=C(O)c1ccc(Oc2ccccc2)nc1	6-Phenoxynicotinic acid	0.020188452572637426	0.3107307460868848
amar_data_229+swe2_data_470	CCCCCC(=O)NCC(=O)O	Hexanoylglycine	-1.02820880339061	0.40673087357433985
amar_data_336+swe2_data_645	O=C1Nc2ccc(Cl)cc2C(c2ccccc2)=NC1O	Oxazepam	-0.025319561841136082	0.2636781067246014
swe2_data_572	Cc1ncc([N+](=O)[O-])n1CCO	Metronidazole	-0.27143831891848563	0.11953539661355136
aus_data_58	CC(N)Cc1ccccc1	Amphetamine	-1.8102074632669314	0.4337639331907126
aus_data_17	Cc1cncc(C)n1	2,6-Dimethylpyrazine	-1.1276581849548686	0.27669707253551484
swe2_data_79	O=C(O)CNC(=O)c1ccco1	2-Furoylglycine	-0.8774221033903729	0.4670495103360788
amar_data_445	N#CC(=Cc1cccc(O)c1)C(=O)O	alpha-Cyano-3-hydroxycinnamic acid	-2.3106730360069476	0.23437044490646372
aus_data_75+amar_data_163+snf_data_2739+swe2_data_325	CC(C)(C)C(=O)C(Oc1ccc(Cl)cc1)n1ccnc1	Climbazole	-0.7076668676782146	0.2961487280516196
aus_data_88+swe2_data_520	C[N+](C)(C)CC(O)CC(=O)[O-]	D-Carnitine	-1.8382641929930696	0.3742203540735582
swe2_data_375	C1CCC(NC2CCCCC2)CC1	Dicyclohexylamine	-0.8070711075730779	0.6235371115665839
amar_data_267+swe2_data_530	CC(=O)CCC(=O)O	Levulinic acid	-0.6197141769855591	0.2655674020678094
amar_data_138+swe2_data_288	CCCCCCCCCCCCOCCOCCOCCO	FKMHSNTVILORFA-UHFFFAOYSA-N	-0.933832850664527	0.34343877340763235
amar_data_15+swe2_data_32	O=C(O)CCCCCCCCCO	10-Hydroxydecanoic acid	-0.7429858558233448	0.4582331221399738
aus_data_229	CN(C)C(=O)Oc1ccc[n+](C)c1	Pyridostigmine	-0.6552477478901484	0.3404510447917923
aus_data_192+amar_data_341+swe2_data_648	CCCCCCC=CCCCCCCCC(=O)O	Palmitoleic acid	-0.837601065027326	0.08944525831751834
aus_data_249+swe2_data_785	CC=C(C)C(=O)O	Tiglic acid	-0.36653154442041347	0.17732284539630605
aus_data_328+swe2_data_402	CCCCCCCCCCCCOS(=O)(=O)O	Dodecyl sulfate	-2.2004991647051844	0.08848899149212162
aus_data_306	CCCCCCCCCCCCc1ccc(S(=O)(=O)O)cc1	4-Dodecylbenzenesulfonic acid	-2.0544429518911946	0.18021602828792913
aus_data_259	COCCOCCOCCOC	Triethyleneglycol dimethyl ether	-0.8800246829232502	0.4404106816758793
aus_data_343+amar_data_311	CC(=O)NC(CCCN)C(=O)O	N-Acetylornithine	-1.979216394076711	0.3464966966366677
swe2_data_111	O=C1CC2(CCCCC2)CN1	3,3-pentamethylene-4-butyrolactam	-0.6002671034149032	0.38452289007873025
amar_data_202	CC(C)OC(=O)C(C)(C)Oc1ccc(C(=O)c2ccc(Cl)cc2)cc1	Fenofibrate	-0.057549868953737066	0.2132776344454614
amar_data_98+swe2_data_218	Oc1cccc2cccnc12	8-Hydroxyquinoline	-0.7090106275751241	0.4143897942939204
aus_data_205+amar_data_350+swe2_data_661	OCCOCCOCCOCCOCCOCCOCCO	3,6,9,12,15,18-Hexaoxaicosane-1,20-diol	-1.8523041125037842	0.4620222925307014
amar_data_401	CC(O)CN(CCN(CC(C)O)CC(C)O)CC(C)O	Tetrakis(2-hydroxypropyl)ethylenediamine	-0.05123503359668871	0.14047312934133716
swe2_data_12	O=P(O)(O)OCC(O)C(O)C(O)C(O)CO	[(2R,3R,4R,5S)-2,3,4,5,6-pentahydroxyhexyl] dihydrogen phosphate	-1.0573877963618505	0.4463253791127496
swe2_data_668	CC(C)(N)Cc1ccccc1	Phentermine	-0.5022602572425007	0.37167125129304857
swe2_data_181	O=[N+]([O-])c1ccc(O)c(O)c1	4-Nitrocatechol	-0.46638176816162674	0.37643594186939405
amar_data_43+swe2_data_84	CCCCCCCCCCCCC(O)C(=O)O	2-Hydroxymyristic acid	-0.7381034805362777	0.528994953736639
aus_data_31	Oc1cccc2[nH]ccc12	4-Hydroxyindole	-1.5031986056190856	0.26653694978543335
swe2_data_614	O=C(O)C1CCC(=O)N1CC1(O)OC(CO)C(O)C1O	N-Fructosyl pyroglutamate	-0.7520082642385313	0.3584589053588633
swe2_data_502	CC(C)OC(=O)c1ccc(O)cc1	Isopropyl 4-hydroxybenzoate	-0.8103835931303579	0.4265743717865193
aus_data_295+swe2_data_473	CC(O)(CC(=O)O)CC(=O)O	3-Hydroxy-3-methylglutaric acid	-1.4719407422158826	0.09884035978770574
aus_data_320	O=C(O)C1(O)CC(O)C(O)C(O)C1	D-(-)-Quinic acid	-0.6500486845605072	0.11891577481194292
swe2_data_466	COC(=O)C1=CCCNC1	Guvacoline	-0.3167932850668114	0.266547082033569
aus_data_256+amar_data_416+swe2_data_55	OCCN(CCO)CCO	Triethanolamine	-1.5656214299151199	0.4780035092615123
swe2_data_269	O=S(=O)(O)c1ccccc1	Benzenesulfonic acid	-0.8358391694479179	0.3672583631994885
aus_data_41+amar_data_96	NCCCCCC(=O)O	6-Aminocaproic acid	-1.4832940720862404	0.6455039806436786
aus_data_62+amar_data_122+swe2_data_259	CC(C)NCC(O)COc1ccc(CC(=O)O)cc1	Atenolol acid	-0.9613150790782137	0.5905757333831163
aus_data_142+swe2_data_541	O=C1CCC(C(=O)O)N1	L-Pyroglutamic acid	-1.0333250634101923	0.26972864735031843
swe2_data_113	O=C(O)c1ccc([O-])c(O)c1	3,4-Dihydroxybenzoate	-0.9441917033171424	0.41441032996969035
swe2_data_745	O=C(O)CCC(CCC(=O)O)c1ccc(S(=O)(=O)O)cc1	SPA-5DC (TENTATIVE)	-0.6684230829484397	0.5956691734703401
amar_data_372+swe2_data_722	Cc1cc2nc3c(=O)[nH]c(=O)nc-3n(CC(O)C(O)C(O)CO)c2cc1C	Riboflavin	-1.577958127179934	0.459948886788758
aus_data_196+amar_data_348+swe2_data_659	OCCOCCOCCOCCOCCOCCOCCOCCOCCOCCO	3,6,9,12,15,18,21,24,27-Nonaoxanonacosane-1,29-diol	-1.6603596939452456	0.26534097407327123
amar_data_65	COc1cccc(CC(=O)O)c1	3-Methoxyphenylacetic acid	-1.330491016676172	0.16299853815312082
amar_data_255+amar_data_93	NC(Cc1c[nH]c2ccc(O)cc12)C(=O)O	5-Hydroxytryptophan	-2.4816288309484182	0.7051895984047555
swe2_data_78	O=C(O)c1ccco1	2-Furoic acid	-0.3274148603431755	0.41550036695163084
swe2_data_669	O=CCc1ccccc1	Phenylacetaldehyde	-1.2280008560307276	0.2905347235171791
aus_data_298+swe2_data_142	CC(CCC(=O)O)CC(=O)O	3-Methyladipic acid	-1.0708770832590457	0.13141962260677745
amar_data_280+snf_data_208+swe2_data_548	Cc1cccc(Nc2ccccc2C(=O)O)c1C	Mefenamic acid	-0.8577645506060195	0.39806874082638544
swe2_data_729	Cc1c(O)cc2c(c1O)C(=O)c1ccccc1C2=O	Rubiadin	-1.2409155632049587	0.40781379818098873
aus_data_70+amar_data_150+snf_data_194+swe2_data_305	NC(=O)N1c2ccccc2C=Cc2ccccc21	Carbamazepine	0.004884896937933901	0.37634832744567875
aus_data_179	CN(C)c1ccccc1	N,N-Dimethylaniline	-0.14232939963425267	0.16387118298737724
aus_data_154+swe2_data_554	Nc1ccc(O)c(C(=O)O)c1	Mesalamine	-0.9485913172628075	0.47525969925475353
aus_data_99+swe2_data_383	CC1CNC(=O)NC1=O	Dihydrothymine	-1.0906610637310552	0.5448205348814051
aus_data_311+swe2_data_217	O=C(O)CCCCCCCc1ccc(S(=O)(=O)O)cc1	8-(4-Sulfophenyl) octanoic acid	-0.24303804868629447	0.09023604517151655
swe2_data_72	NC1Cc2ccccc2C1	2-AI	-0.5444664376487985	0.4192576481515814
aus_data_104+swe2_data_400	C[N+]1(C)CCCC1C(=O)O	DL-Stachydrine	-1.8585069239273333	0.3674927773590841
aus_data_132	c1ccc2cnccc2c1	Isoquinoline	-1.6123599479677744	0.07362741564771931
aus_data_186	NCC(O)c1cccc(O)c1	Norfenefrine	-1.1499385404541933	0.35013550773815205
aus_data_335	CC(O)C(=O)O	L-(+)-Lactic acid	-0.7138275928874293	0.32280510092930514
swe2_data_567	CC(CC(=O)O)C(=O)O	Methylsuccinic acid	-0.4762037837735133	0.20008551197091257
swe2_data_272	O=C(c1ccccc1)c1ccc(O)cc1O	Benzophenone-1	-0.5648207987356372	0.2118098766289584
aus_data_344+amar_data_310+swe2_data_603	CC(=O)NC(C(=O)O)C(C)C	N-Acetylvaline	-1.6157947505405696	0.5180459072817879
aus_data_161+snf_data_268+swe2_data_569	CCc1cccc(C)c1N(C(=O)CCl)C(C)COC	Metolachlor	-0.4218521660774491	0.03551676309435886
aus_data_87+swe2_data_540	O=C(O)C1CCCN1	D-(+)-Proline	-1.6818920052107924	0.31099436226058774
aus_data_342	CC(=O)NC(Cc1ccc(O)cc1)C(=O)O	N-Acetyl-L-tyrosine	-1.205683131848803	0.1268295339832663
swe2_data_29	NC(=O)N1c2ccccc2CC(O)c2ccccc21	10,11-Dihydro-10-Hydroxycarbazepine	-0.49728990771454373	0.370419696846923
aus_data_59+swe2_data_73	Nc1ccccc1C(=O)O	Anthranilic acid	-0.21555293772173117	0.45153199235266017
amar_data_261+swe2_data_524	CC(C)CC(N)C(=O)NC(CC(C)C)C(=O)O	Leucylleucine	-1.6483524161615692	0.5164229463626983
swe2_data_133	COC(=O)C(O)(CC(=O)O)CC(=O)O	3-Hydroxy-3-(methoxycarbonyl)pentanedioic acid	-0.6360564432026187	0.24078065437882443
aus_data_172+swe2_data_608	CNCC1CCCCC1(O)c1cccc(OC)c1	N-Desmethyltramadol	-0.8491319772686674	0.40600445713614014
swe2_data_80	O=C(O)C(O)c1cccc(O)c1	2-hydroxy-2-(3-hydroxyphenyl)acetic acid	-0.4677562895132019	0.1816366021876398
aus_data_356+amar_data_429+snf_data_2583	CCCCC(=O)N(Cc1ccc(-c2ccccc2-c2nn[nH]n2)cc1)C(C(=O)O)C(C)C	Valsartan	-0.8383915456965375	0.5195667968240225
aus_data_309+swe2_data_197	O=C(O)c1cc(S(=O)(=O)O)ccc1O	5-Sulfosalicylic acid	-1.4996870826184048	0.3702797741438176
swe2_data_447	O=C(O)c1cc(O)c(O)c(O)c1	Gallic acid	-0.8793984756747731	0.4276756476761359
aus_data_57+amar_data_112+snf_data_2852+swe2_data_249	CCN1CCCC1CNC(=O)c1cc(S(=O)(=O)CC)c(N)cc1OC	Amisulpride	-0.19013835986296274	0.5715965024596569
aus_data_168+amar_data_308+swe2_data_599	CC(=O)Nc1ccc(O)c(C(=O)O)c1	N-Acetyl-5-aminosalicylic acid	-1.46528451477342	0.2723820698945027
amar_data_237+swe2_data_489	O=[N+]([O-])N=C1NCCN1Cc1ccc(Cl)nc1	Imidacloprid	-0.016932452932113776	0.24883464864409055
snf_data_3769+swe2_data_726	O=C(NCC1CN(c2ccc(N3CCOCC3=O)cc2)C(=O)O1)c1ccc(Cl)s1	Rivaroxaban	-0.5859626689717468	0.0907925913025988
aus_data_145+amar_data_422+amar_data_274+swe2_data_819	NC(Cc1ccc(O)cc1)C(=O)O	L-Tyrosine	-2.4182428325356757	0.329938556106886
aus_data_265	CN1C2CCC1CC(=O)C2	Tropinone	-1.413199810102698	0.13091464651453144
aus_data_26	CC(C)=CC(=O)NCC(=O)O	3-Methylcrotonylglycine	-1.1823402083326828	0.4638613116727242
aus_data_239+swe2_data_763	CNC(=O)N(C)c1nnc(C(C)(C)C)s1	Tebuthiuron	-0.03522906090859718	0.08752190438014092
amar_data_57+swe2_data_128	CCc1cccc(O)c1	3-Ethylphenol	-2.055540268715429	0.24024157103569171
swe2_data_282	CCCCC(CC)CNCC(CC)CCCC	Bis(2-ethylhexyl) amine	-2.179811986828342	0.6327855304386114
amar_data_417+swe2_data_802	COCCOCCOCCO	Triethylene glycol monomethyl ether	-1.292752757129983	0.7878520511547021
swe2_data_367	CNCCCC1(c2ccc(F)cc2)OCc2cc(C#N)ccc21	Desmethylcitalopram	-0.20399900878656954	0.16440500567005797
aus_data_242	COCCOCCOCCOCCOC	Tetraglyme	-1.1663314217665255	0.4043453666021892
amar_data_92+swe2_data_193	O=C(O)Cc1c[nH]c2ccc(O)cc12	5-Hydroxyindole-3-acetic acid	-1.0743915014486958	0.5861279032233194
amar_data_230+swe2_data_472	O=C(O)CNC(=O)c1ccccc1	Hippuric acid	-1.3603588740958341	0.6606105090495559
swe2_data_732	NC(=O)c1ccccc1O	Salicylamide	-0.15932923305677807	0.3032435838053805
aus_data_170	CC(=O)NCCc1ccc(O)c(O)c1	N-Acetyldopamine	-0.8461483294787551	0.13211089642803647
amar_data_71	NC(C(=O)O)c1ccc(C(=O)O)cc1	4-Carboxyphenylglycine	-2.45832623112889	0.3102982257670633
aus_data_272+swe2_data_832	CC(C)C(N)C(=O)N1CCCC1C(=O)O	Valylproline	-1.4934434071397917	0.6059171600722504
amar_data_253+snf_data_205+swe2_data_510	CC(C(=O)O)c1cccc(C(=O)c2ccccc2)c1	Ketoprofen	-0.4832447001097409	0.2139056773528488
aus_data_123+snf_data_2991+swe2_data_487	CCC(C)OC(=O)N1CCCCC1CCO	Icaridin	-1.4567690415346668	0.671366000291841
aus_data_209+amar_data_355+swe2_data_673	NCCc1ccccc1	Phenethylamine	-1.1638909175932513	0.45339137258199175
swe2_data_467	CCCCCCC(=O)O	Heptanoic acid	-0.0655696907187247	0.6457476111687241
aus_data_81+amar_data_170	CN(CC(=O)O)C(=N)N	Creatine	-1.6512223827906598	0.4050183524726921
aus_data_6+amar_data_14+swe2_data_30	NC(=O)N1c2ccccc2C(O)C(O)c2ccccc21	10,11-Dihydro-10,11-dihydroxycarbamazepine	-0.006174907084016246	0.22934628627037343
swe2_data_525	CC(C)CC(N)C(=O)NC(Cc1ccccc1)C(=O)O	Leucylphenylalanine	-1.0049080597733264	0.36379729154069773
swe2_data_45	C[n+]1cccc(C(N)=O)c1	1-Methylnicotinamide	-0.8397813284846217	0.24365996432743223
swe2_data_582	CC(=O)Nc1ccc(C)cc1C	N-(2,4-Dimethylphenyl)acetamide	-0.4473870982232484	0.24334861402588753
aus_data_339+amar_data_309+swe2_data_600	CC(=O)NC(CCC(=O)O)C(=O)O	N-Acetyl-DL-glutamic acid	-0.8803874209092677	0.23160228901052196
aus_data_350+amar_data_375+snf_data_2816+swe2_data_731	O=C1NS(=O)(=O)c2ccccc21	Saccharin	-1.7399935483909295	0.5867795406577708
snf_data_203+swe2_data_486	CC(C)Cc1ccc(C(C)C(=O)O)cc1	Ibuprofen	-1.1430806362503243	0.5166464748974211
aus_data_134	NC(C(O)C=O)C(O)C(O)CO	3-Amino-3-deoxyglucose	-0.5823798516667092	0.08377574939301921
aus_data_198	OCCOCCOCCOCCOCCOCCOCCOCCOCCOCCOCCOCCO	Dodecaethylene glycol	-1.4665603821922177	0.07429863443469964
aus_data_13+swe2_data_57	CC1(C)CC(O)CC(C)(C)N1	2,2,6,6-Tetramethyl-4-piperidinol	-0.2001590671065663	0.2805727114811642
aus_data_334	O=C(O)c1cccc(C(=O)O)c1	Isophthalic acid	-2.027496173586362	0.6310848239590087
amar_data_218	[2H]C([2H])([2H])C(CCCOc1cc(C)ccc1C)(C(=O)O)C([2H])([2H])[2H]	gemfibrozil-d6	0.06813035342561524	0.018312271595119133
amar_data_76+swe2_data_155	CC(=O)Nc1ccc(C(=O)O)cc1	4-Acetamidobenzoic acid	0.039035014502403285	0.5556889254731784
aus_data_228+snf_data_11053+swe2_data_412	CNC(C)C(O)c1ccccc1	Pseudoephedrine	-1.0	0.500341195317436
aus_data_359	OCC1OC(OC2C(CO)OC(O)C(O)C2O)C(O)C(O)C1O	alpha-Lactose	-0.10684051451550376	0.09172115047545659
aus_data_286	O=C(O)CNC(=O)c1ccccc1O	2-Hydroxyhippuric acid	-2.369911285071801	0.17839533627540338
amar_data_0+swe2_data_1	C=C1C(=O)OC(CCCCCCCC)C1C(=O)O	(+/-)-C75	-0.5369937159606407	0.4546626114449239
aus_data_213+swe2_data_679	CCC1C(=O)OCC1Cc1cncn1C	Pilocarpine	-0.9131184472359326	0.6264820951364095
swe2_data_498	CC(C)C(=O)O	Isobutyric acid	-1.1473575268594849	0.33854538553233915
aus_data_169+amar_data_106+swe2_data_601+swe2_data_226	CC(=O)NC(CC(C)C)C(=O)O	N-Acetyl-L-leucine	-0.99364943468448	0.4015839483057598
swe2_data_815	O=P(OCCCl)(OCCCl)OCCCl	Tris(2-chloroethyl)phosphate	0.036509384805836945	0.08948758884829888
aus_data_267+swe2_data_818	NCCc1ccc(O)cc1	Tyramine	-1.9420080530223143	0.6307864030571692
aus_data_207	C=C(C)C1CC=C(C=NO)CC1	Perillartine	-0.5749077452843476	0.10713349579728759
aus_data_183+amar_data_322+swe2_data_617	O=C(O)c1cccnc1	Nicotinic acid	-2.0585762745267795	0.3337021669132828
swe2_data_270	CCOC(=O)c1ccc(N)cc1	Benzocaine	-0.10237482534193647	0.11839211104751775
swe2_data_736	CC(C)CC(NC(=O)C(N)CO)C(=O)O	Serylleucine	-1.4531718765161985	0.2801075013928784
amar_data_354+swe2_data_670	CCC(C)C(NC(=O)C(N)Cc1ccccc1)C(=O)O	JWBLQDDHSDGEGR-UHFFFAOYSA-N	-1.3723973258344644	0.44156067020587403
amar_data_332	NC(=O)CCC(NC(=O)Cc1ccccc1)C(=O)O	Phenylacetylglutamine	-0.9000070149871668	0.1527791791835573
swe2_data_312	O=C(O)COCCN1CCN(C(c2ccccc2)c2ccc(Cl)cc2)CC1	Cetirizine	-0.24920039208516195	0.28416413991760076
aus_data_52	CC(=O)SC(C)C[N+](C)(C)C	Acetyl-beta-methylthiocholine	-2.288483658097552	0.06084960429336955
amar_data_201+swe2_data_417	CCOC(=O)c1ccc(O)cc1	Ethylparaben	-0.28608139396883203	0.16320744564916345
swe2_data_307	CNC(=O)Oc1cccc2c1OC(C)(C)C2	Carbofuran	0.026107373107467417	0.18541893171010582
aus_data_194+amar_data_103+snf_data_243+swe2_data_652	CC(=O)Nc1ccc(O)cc1	Paracetamol	-2.1508009570042845	0.4347640472953433
amar_data_369+swe2_data_715	C=CC1CN2CCC1CC2C(O)c1ccnc2ccc(OC)cc12	Quinine	-0.5972334558813621	0.28941989183324207
swe2_data_424	O=CCCCCCCCC(=O)O	FA 9:1+1O	-0.43241072949936327	0.23933564492001616
aus_data_227+swe2_data_706	CCC(=O)OC(CC(=O)[O-])C[N+](C)(C)C	Propionylcarnitine	-0.9167327804643667	0.4610302799662847
aus_data_302	CC(C)(CC(=O)O)CC(=O)O	3,3-Dimethylglutaric acid	-1.34641928401362	0.2151073034540857
swe2_data_740	CCCCCCCCCCOS(=O)(=O)[O-]	Sodium decyl sulfate	-1.0882298862988096	0.47481619145871684
aus_data_197	OCCOCCOCCOCCOCCOCCOCCOCCOCCOCCOCCO	3,6,9,12,15,18,21,24,27,30-Decaoxadotriacontane-1,32-diol	-1.4807010721417382	0.0832288662371143
aus_data_280	CCC=CCC(O)C(O)CCC(O)CCCCCCCC(=O)O	(15Z)-9,12,13-Trihydroxy-15-octadecenoic acid	-1.747567162737625	0.1772312239945482
swe2_data_746	CCC(CCCCC(=O)O)c1ccc(S(=O)(=O)O)cc1	SPA-8C (SAMPLE)	-0.6245610076730387	0.3834813050981928
amar_data_367	O=C(O)c1ccc[nH]1	Pyrrole-2-carboxylic acid	-1.5603931949607233	0.3465594846394499
aus_data_93	CCNc1nc(N)nc(Cl)n1	Desisopropylatrazine	-0.7930321744712491	0.1415226005846015
amar_data_316+swe2_data_610	CCCCCCCCCCCC(=O)N(C)CC(=O)O	N-Dodecanoyl-N-methylglycine	-2.3379646149882287	0.6679047665394651
aus_data_360	O=C1OC(CO)C(O)C(O)C1O	Gluconolactone	-0.9967948601247888	0.1523036728578527
aus_data_329	O=C(O)C(O)C(O)C(O)C(O)CO	Gluconic acid	-2.290929668759658	0.43269568796542485
swe2_data_195	COc1ccc(O)c(C(=O)O)c1	5-Methoxysalicylic acid	-0.6231510501046374	0.2145995368291826
aus_data_1+amar_data_321	CN1CCCC1c1cccnc1	(S)-Nicotine	-2.0531096888146996	0.35283532248531274
aus_data_211	NCC(O)c1ccccc1	Phenylethanolamine	-0.02664508305928708	0.11764078169751767
aus_data_277+amar_data_446+swe2_data_482	O=C1CCCCN1	2-Piperidone	-1.5578692944547299	0.45519967328370814
aus_data_296+amar_data_61	CCCCCCCC(O)CC(=O)O	3-Hydroxydecanoic acid	-1.4860858263005998	0.2633027645900973
swe2_data_138	O=C(O)c1c[nH]c2ccccc12	3-Indolylcarboxylic Acid	-1.3562730333973756	0.370477884822844
swe2_data_704	CC(C)N(C(=O)C(=O)O)c1ccccc1	Propachlor OXA	-0.6578695447969988	0.28160749176689664
swe2_data_44	Cn1cnc(CCN)c1	1-Methylhistamine	0.05881341420186489	0.10535637764834858
amar_data_335+snf_data_4229+swe2_data_639	CCCc1nc(C(C)(C)O)c(C(=O)O)n1Cc1ccc(-c2ccccc2-c2nn[nH]n2)cc1	Olmesartan	0.02102372544209058	0.3124235000488811
swe2_data_376	O=C(NC1CCCCC1)NC1CCCCC1	Dicyclohexylurea	-0.07261993522871238	0.1211722303130124
swe2_data_243	O=C(NC(O)C(=O)O)c1ccccc1	alpha-Hydroxyhippuric acid	-1.1895606179966132	0.4652565514922839
swe2_data_803	O=S(=O)(O)C(F)(F)F	trifluoromethanesulfonic acid	-0.20891279892848802	0.1014234797407707
aus_data_148+amar_data_266+snf_data_2564+swe2_data_529	CCC(C(N)=O)N1CCCC1=O	Levetiracetam	-1.5478667753785569	0.47103958011334296
swe2_data_757	COc1cc(C=O)cc(OC)c1O	Syringaldehyde	-0.2480713835795852	0.32328507562156905
amar_data_259+swe2_data_518	CCCCCCCCCCCC(=O)N(CCO)CCO	Lauryl diethanolamide	-1.518555033587917	0.5231191283607273
aus_data_42+swe2_data_207	COc1ccc2ncccc2c1	6-Methoxyquinoline	-0.6855305232274258	0.2956876630004752
amar_data_137+swe2_data_287	CCCCCCCCCCCCOCCOCCO	AZLWQVJVINEILY-UHFFFAOYSA-N	-1.4908268915610432	0.5499761925007766
swe2_data_387	CNC(=N[N+](=O)[O-])NCC1CCOC1	Dinotefuran	0.07474814107881028	0.2835729509031202
aus_data_165+amar_data_296+snf_data_2808+swe2_data_580	COc1c(C)c2c(c(O)c1CC=C(C)CCC(=O)O)C(=O)OC2	Mycophenolic acid	-1.4036927855580843	0.4278851079754217
swe2_data_324	CC(O)(CC(=O)O)C(=O)O	citramalic acid	-1.0138127312274006	0.4323741203212499
swe2_data_429	COc1cc(C=CC(=O)O)ccc1O	Ferulic acid	-1.1984488529396355	0.4695876417561034
swe2_data_700	CCCN(CCC)S(=O)(=O)c1ccc(C(=O)O)cc1	Probenecid	-0.029826613142088832	0.21735699513980983
amar_data_392+swe2_data_754	COc1ccc(NS(=O)(=O)c2ccc(N)cc2)nn1	Sulfamethoxypyridazine	-0.09402842557888792	0.14561808072217866
aus_data_288+amar_data_277+swe2_data_545	Cc1cc(Cl)ccc1OCC(=O)O	(4-Chloro-2-methylphenoxy)acetic acid	-0.08376362423742088	0.2777372940488319
amar_data_373+snf_data_2802+swe2_data_728	CC(C)c1nc(N(C)S(C)(=O)=O)nc(-c2ccc(F)cc2)c1C=CC(O)CC(O)CC(=O)O	Rosuvastatin	-0.6325077569698829	0.44667990104601357
swe2_data_108	N#CC(=CNc1cnccn1)C(=O)c1cccs1	3-(pyrazin-2-ylamino)-2-(2-thienylcarbonyl)acrylonitrile	-0.042438608470553446	0.4384421633702532
aus_data_174+amar_data_324+swe2_data_621	CN1CCCC1=O	N-Methyl-2-pyrrolidone	-1.5532829346780772	0.21393248367496187
aus_data_65+swe2_data_277	C[N+](C)(C)CC(=O)[O-]	Betaine	-0.4301615839724253	0.5994369417566421
swe2_data_507	CCC=CCC1C(=O)CCC1CC(=O)O	Jasmonic acid	-0.7988690750630136	0.45132562761191075
swe2_data_178	Cc1ccc(O)cc1	4-Methylphenol	-1.8420681630841476	0.31071887554126904
amar_data_235+swe2_data_480	O=C(O)CCCCC(O)CC(=O)O	ARJZZFJXSNJKGR-UHFFFAOYSA-N	-0.513955117151054	0.31630995263137396
amar_data_227+swe2_data_468	COc1ccc(C2CC(=O)c3c(O)cc(O)cc3O2)cc1O	Hesperetin	-1.3955421143797373	0.4728792331059658
aus_data_187	c1ccc2c(c1)[nH]c1cnccc12	Norharman	-1.163502131747661	0.276168570570825
swe2_data_734	O=C(O)CCCCCCCCC(=O)O	Sebacic acid	-0.5031931797126918	0.3396300515564071
aus_data_92+swe2_data_365	COc1ccc(C2Sc3ccccc3N(CCN(C)C)C(=O)C2O)cc1	Desacetyl diltiazem	-0.5540041732927166	0.5356441935359052
aus_data_9	Cc1ccc(O)c(N)c1	2-Amino-4-cresol	-0.018412157316869737	0.04651119363197234
aus_data_300	O=C(O)C(O)Cc1ccccc1	3-Phenyllactic acid	-2.214355759150966	0.39065076667684506
amar_data_423+swe2_data_820	O=C(O)CCCCCCCCCC(=O)O	Undecanedioic acid	-0.012217999905930732	0.6046308742244498
aus_data_291	CC(C)(C)c1cc(O)c(C(C)(C)C)cc1O	2,5-di-tert-Butylhydroquinone	-0.004816624031790712	0.05599299768937433
swe2_data_560	CN1C(=O)CC(C)(c2ccccc2)C1=O	Methsuximide	-0.11185785556253522	0.25528906811627944
aus_data_105+amar_data_194+swe2_data_397	CCCCCCC(N)C(=O)O	2-Aminooctanoic acid	-1.6760400436897813	0.49464349420525416
swe2_data_98	Nc1ccc2ccccc2c1	2-Naphthylamine	0.051996591412832985	0.3343559222870436
aus_data_230	Cc1ncc(CO)c(CN)c1O	Pyridoxamine	-0.13197199933950385	0.2589562735836566
aus_data_44	Cc1ccc2ncccc2c1	6-Methylquinoline	-1.8020403260488949	0.4967143764524946
snf_data_3319+swe2_data_674	O=C1NC(=O)C(c2ccccc2)(c2ccccc2)N1	Phenytoin	0.007577837357640888	0.3362097753812117
swe2_data_452	CC(C)CC(NC(=O)C(N)CCC(=O)O)C(=O)O	Glutamylleucine	-1.7721939136927682	0.44894728954734364
aus_data_337	CCC(C)C(NC(C)=O)C(=O)O	N-Acetyl-D-alloisoleucine	-1.9378961639277275	0.1962650513014064
swe2_data_115	COc1ccc(C=CC(=O)O)cc1OC	3,4-Dimethoxycinnamic acid	-1.573025314200767	0.6732715863185862
swe2_data_298	O=C(C=Cc1ccc(O)c(O)c1)OC1CC(O)(C(=O)O)CC(O)C1O	Caffeoyl quinic acid (isomer of 832, 833, 834)	-0.25475844169971695	0.2800590165050496
amar_data_32+swe2_data_69	C=C1CCCC2(C)CCC(O)(C(=C)C(=O)O)CC12	2-[(2S,4aR,8aS)-2-hydroxy-4a-methyl-8-methylidene-3,4,5,6,7,8a-hexahydro-1H-naphthalen-2-yl]prop-2-enoic acid	-0.03668335366254444	0.25626792059425896
amar_data_233+swe2_data_476	NS(=O)(=O)c1cc2c(cc1Cl)NCNS2(=O)=O	Hydrochlorothiazide	-0.11518809527317259	0.20353986493384538
aus_data_210	NCC(CC(=O)O)c1ccccc1	Phenibut	-0.34896345674409646	0.4694969209625413
aus_data_29+amar_data_79+swe2_data_163	NC(N)=NCCCC(=O)O	4-Guanidinobutyric acid	-0.5398693721121394	0.37151554985571694
swe2_data_606	CCCCNS(=O)(=O)c1ccccc1	N-Butylbenzenesulfonamide	0.02137076227629596	0.40463136826657425
swe2_data_519	CCCCCCCCCCCCN(CCO)CCO	Lauryldiethanolamine	-0.37043707884044275	0.7384826308667797
swe2_data_579	CCOC(=O)c1ccccc1C(=O)O	Monoethyl phthalate	-0.8237272921339579	0.2799095756485822
aus_data_12	O=C(O)Cc1ccccn1	2-Pyridylacetic acid	-0.5642081605529283	0.1862648153216994
amar_data_191+snf_data_292+swe2_data_391	CN(C)C(=O)Nc1ccc(Cl)c(Cl)c1	Diuron	-0.032334709168103694	0.17414621322085203
aus_data_318+amar_data_161	O=C(O)CC(O)(CC(=O)O)C(=O)O	Citric acid	-0.8415719490727288	0.6500672310004779
amar_data_105+snf_data_2986	CC(=NC#N)N(C)Cc1ccc(Cl)nc1	Acetamiprid	-0.09696614715310746	0.0809874165011162
aus_data_333	O=C(O)C(O)Cc1c[nH]c2ccccc12	Indole-3-lactic acid	-1.3837368304627662	0.1930639368701512
swe2_data_651	CC1OC(O)C(O)CC1O	PAR	-0.4699536113765336	0.20295696218177248
swe2_data_724	CC(N)C12CC3CC(CC(C3)C1)C2	Rimantadine	-0.4271171622242265	0.1860859843893103
aus_data_347+aus_data_89+amar_data_343	CC(C)(CO)C(O)C(=O)NCCCO	D-Panthenol	-1.9920173648250161	0.2272005002578288
amar_data_246+swe2_data_495	N#Cc1cc(I)c(O)c(I)c1	Ioxynil	0.0008892342722177255	0.022861013965007296
amar_data_365+swe2_data_709	CCCOC(=O)c1ccc(O)cc1	Propylparaben	-0.5253960975025869	0.5239610434474978
aus_data_308+amar_data_73	O=S(=O)(c1ccc(O)cc1)c1ccc(O)cc1	4,4'-Sulfonyldiphenol	-1.6022391912344154	0.6357950478284384
swe2_data_268	NS(=O)(=O)c1ccccc1	Benzenesulfonamide	-1.4410205070011814	0.47456487568823646
aus_data_33+swe2_data_187	Cc1ccncc1	4-Picoline	-2.423976552256502	0.19741631309881763
aus_data_107+amar_data_197	CN1C2CCC1C(C(=O)O)C(O)C2	Ecgonine	-0.5039934011199638	0.16644734708129544
swe2_data_212	Oc1ccc2ncccc2c1	6-Quinolinol	-1.033569694178204	0.49819001468542484
swe2_data_792	O=C(O)C=Cc1ccc(O)cc1	trans-4-hydroxycinnamic acid	-0.21922651806020915	0.046356016740796986
aus_data_32+amar_data_83+swe2_data_173	COc1ccc(C=O)cc1	4-Methoxybenzaldehyde	-0.6878943522635887	0.21545124107651287
aus_data_253+amar_data_413+swe2_data_791	CN1C(=O)C(O)CC1c1cccnc1	trans-3-Hydroxycotinine	-1.0165654072483403	0.4507566129173518
aus_data_260	CC(O)CN(CC(C)O)CC(C)O	Triisopropanolamine	-0.11175089574432044	0.4709970699414232
swe2_data_9	CCCCCCCCCCCC(O)CC(=O)O	(R)-3-Hydroxy myristic acid	-0.5608469482798972	0.4093780604707717
swe2_data_283	CCCCOc1ccc(CC(=O)NO)cc1	Bufexamac	-0.12885952870936046	0.11899733516292485
amar_data_7	NCCCCN	1,4-Diaminobutane	-0.11577918393133454	0.42462715597372724
amar_data_414	CCCCCCCCCCCC=CCCCCC(=O)O	Petroselaidic acid	-0.048631816313294746	0.7583037215112408
aus_data_71+swe2_data_309	C=C(C)C1CC=C(C)C(=O)C1	Carvone	0.05851362209375038	0.1474988556684286
aus_data_218	CC(O)COC(C)COC(C)COC(C)COC(C)CO	Pentapropylene glycol	-0.4174289588807973	0.395085665956531
swe2_data_147	O=C(O)CCC(=O)c1cccnc1	3-Succinoylpyridine	-0.15014368849442483	0.18920946169985348
aus_data_61+amar_data_121+snf_data_169+swe2_data_258	CC(C)NCC(O)COc1ccc(CC(N)=O)cc1	Atenolol	-0.43694550565272994	0.39097574839577626
amar_data_314	O=C1CC(c2ccc(O)cc2)Oc2cc(O)cc(O)c21	Naringenin	-1.233581034983895	0.44578538333190876
snf_data_3026	CCCC(NC(C)C(=O)N1C(C(=O)O)CC2CCCCC21)C(=O)OCC	Perindopril	0.015501046354213609	0.08692194672410196
aus_data_48+amar_data_100+snf_data_11001+swe2_data_220	Nc1nc(NC2CC2)c2ncn(C3C=CC(CO)C3)c2n1	Abacavir	-1.5468402575778564	0.15598461840185343
amar_data_410	CC1(C)OC2COC3(COS(N)(=O)=O)OC(C)(C)OC3C2O1	Topiramate	0.03840366605649717	0.16571692985061284
swe2_data_821	CCCCCCCCCCC(=O)O	Undecanoic acid	-0.231851600834602	0.5053556627929904
amar_data_288+swe2_data_559	COc1cc(CC(N)C(=O)O)ccc1O	3-Methoxytyrosine	-0.8113126500739081	0.6358120486195542
aus_data_284+amar_data_16+swe2_data_36	O=C(O)CCCCCCCCCCCO	12-Hydroxydodecanoic acid	-1.1137325851789566	0.22640959274194128
swe2_data_551	CC12CC3CC(C)(C1)CC(N)(C3)C2	memantine	0.007976205719875954	0.19491616969658726
swe2_data_725	O=C(O)C(c1ccccc1)C1CCCCN1	Ritalinic acid	-0.837169536456826	0.5452315058874921
swe2_data_296	CCCC(CCC(=O)O)c1ccc(S(=O)(=O)O)cc1	C7SPC	-0.3015502515705266	0.31736181394913066
aus_data_155+amar_data_283+snf_data_2550+swe2_data_555	CN(C)C(=N)N=C(N)N	Metformin	-1.3906439744784174	0.5710788584890969
swe2_data_370	CN1CCC23CCCCC2C1Cc1ccc(O)cc13	Dextrorphan	-0.2750844111558674	0.3376921682909887
amar_data_60	COc1ccc(C=CC(=O)O)cc1O	3-Hydroxy-4-methoxycinnamic acid (isoferulic acid)	-1.3714179971214633	0.36266317678798654
aus_data_160+amar_data_290+swe2_data_565	Cn1cnc(CC(=O)O)c1	Methylimidazoleacetic acid	-2.1070321380142256	0.3989393889819006
swe2_data_208	Cc1nc(N)nc(N)n1	6-Methyl-1,3,5-triazine-2,4-diamine	-0.12519440214114824	0.22420374199052967
snf_data_3021	O=C(O)c1ccccc1Nc1cccc(C(F)(F)F)c1	Flufenamic acid	-0.46584456483696235	0.15724344602010443
aus_data_34+amar_data_90+amar_data_89+swe2_data_188	Cc1ncc(CO)c(C(=O)O)c1O	4-Pyridoxic acid	-0.6462985806804098	0.6547976366654169
aus_data_324	OC1COC(O)C(O)C1O	D-Xylose	-1.342901946438515	0.44943594334563763
aus_data_38+amar_data_95+swe2_data_196	Cc1ccc2n[nH]nc2c1	5-Methylbenzotriazole	-0.07330858695701067	0.060549389069855804
swe2_data_574	CCCCC(CC)CN1C(=O)C2C3C=CC(C3)C2C1=O	MGK 264	-1.0409235551383629	0.2762031066604618
aus_data_231+amar_data_223+swe2_data_461	Cc1ncc(CO)c(CO)c1O	Pyridoxine	-0.20752165864817826	0.40959723734344977
swe2_data_328	COC(=O)C(c1ccccc1Cl)N1CCc2sccc2C1	Clopidogrel	-0.4034704983289237	0.3491327895262036
swe2_data_598	O=C(O)Cc1cccc2ccccc12	NAA	-1.161714054795499	0.2902126258981912
aus_data_8+swe2_data_354	CNCCCC(C#N)(c1ccc(OC)c(OC)c1)C(C)C	2-(3,4-Dimethoxyphenyl)-5-methylamino-2-isopropylvaleronitrile	-0.14338753384957864	0.1584940112688418
aus_data_140	CCCCC(N)C(=O)O	L-Norleucine	-3.054838015310244	0.7123799140248627
amar_data_44	O=C(O)Cc1ccccc1O	2-Hydroxyphenylacetic acid	-1.369576634792626	0.4468630224755202
amar_data_206+swe2_data_434	N#Cc1nn(-c2c(Cl)cc(C(F)(F)F)cc2Cl)c(N)c1S(=O)(=O)C(F)(F)F	Fipronil-sulfone	-0.15023053948744494	0.12593908446231547
aus_data_233+amar_data_378+snf_data_2903+swe2_data_738	NC(CC(=O)N1CCn2c(nnc2C(F)(F)F)C1)Cc1cc(F)c(F)cc1F	Sitagliptin	-0.21348920245181408	0.17437947839794385
aus_data_113+amar_data_207+swe2_data_435	O=C(NCC1CCCCN1)c1cc(OCC(F)(F)F)ccc1OCC(F)(F)F	Flecainide	-0.05653110466713322	0.13884891933011814
aus_data_358	Cc1cccc(S(=O)(=O)[O-])c1C	Xylenesulfonate	-2.217128110943772	0.455585047476579
swe2_data_747	NCCCCNCCCN	Spermidine	-1.7890108357790775	0.33901030176903885
swe2_data_65	Cc1cnc(C)cn1	2,5-Dimethylpyrazine	-0.5858715283053514	0.2421527469832176
aus_data_23+amar_data_54+swe2_data_125	Nc1cccc(O)c1	3-Aminophenol	-1.1708980926512096	0.27657749193660147
swe2_data_245	NC12CC3CC(CC(C3)C1)C2	Amantadine	-0.08381279197470361	0.3523849882761823
aus_data_28	CCC(C)CC(C)C=CCCC(O)C(Cc1ccc(O)cc1)NC	4-[(E)-3-Hydroxy-8,10-dimethyl-2-(methylamino)dodec-6-enyl]phenol	-1.6442744259875628	0.17385970168135564
swe2_data_407	CCOP(=O)(Sc1ccccc1)Sc1ccccc1	EDDP	-0.45620977891554915	0.3394963378079353
aus_data_327+amar_data_196+swe2_data_401	O=C(O)CCCCCCCCCCC(=O)O	Dodecanedioic acid	-1.1752402868333953	0.38747972013645965
aus_data_101	NC(N)=NCCCC(N)C(=O)O	DL-Arginine	-1.430663853480662	0.4345445790117657
aus_data_274+amar_data_443+swe2_data_484	NC(CC(=O)O)C(=O)NC(Cc1ccccc1)C(=O)O	L-Aspartyl-L-phenylalanine	-1.2430789694469566	0.3475046875362724
aus_data_203+amar_data_347+swe2_data_665	OCCOCCOCCOCCOCCO	Pentaethylene glycol	-1.7428463446760982	0.5203641843157922
aus_data_349+amar_data_358+swe2_data_687	NCc1[nH]cc(CCC(=O)O)c1CC(=O)O	Porphobilinogen	-1.5540514355967268	0.3963516267859173
amar_data_435+swe2_data_833	COc1cc(C(=O)O)ccc1O	Vanillic acid	-0.8531672832266677	0.422984408748052
snf_data_3146+swe2_data_838	N#CC1CCCN1C(=O)CNC12CC3CC(CC(O)(C3)C1)C2	Vildagliptin	-0.2800898927001796	0.2962836963710834
swe2_data_39	CCCCS(=O)(=O)O	1-Butanesulfonic acid	-0.01447512475983806	0.28301033065671105
amar_data_117	CCCCCC=CCC=CCC=CCC=CCCCC(=O)O	Arachidonic acid	-0.796025911877672	0.16735226433861566
aus_data_78	CN1C(=O)CCC1c1cccnc1	Cotinine	-1.8060991825257637	0.2893633588047848
aus_data_340+swe2_data_602	CSCCC(NC(C)=O)C(=O)O	N-Acetyl-L-methionine	-1.9451650909459735	0.09731383712258296
amar_data_396+swe2_data_758	COc1cc(C(=O)O)cc(OC)c1O	Syringic acid	-1.0990695919087115	0.5321669082562265
snf_data_195+swe2_data_699	CCC1(c2ccccc2)C(=O)NCNC1=O	Primidone	0.0666676590876203	0.22594755350779053
aus_data_276+swe2_data_11	CCC=CCC=CCC=CCCCCCCCC(=O)O	Linolenic Acid 	-1.1264493276335386	0.21297248378029615
aus_data_326+swe2_data_399+swe2_data_394	O=C(O)C(O)Cc1ccc(O)cc1	DL-4-Hydroxyphenyllactic acid	-1.5362422365804553	0.19398587623993266
aus_data_60+swe2_data_254	COC(=O)C1=CCCN(C)C1	Arecoline	-0.2442622260664322	0.4522895386968081
swe2_data_184	O=C(O)CCCCCCCC(=O)CCC(=O)O	4-oxododecanedioic acid	-0.6970091350590593	0.23184297320897013
amar_data_45+swe2_data_85	NC(Cc1ccccc1O)C(=O)O	2-Hydroxyphenylalanine	-0.6921801543726875	0.21079584784901248
aus_data_336+amar_data_282	CCCCC(CC)COC(=O)c1ccccc1C(=O)O	2-(((2-Ethylhexyl)oxy)carbonyl)benzoic acid	0.016014295369039082	0.30029061243879923
snf_data_3145+swe2_data_788	Cc1cccc(Nc2ccncc2S(=O)(=O)NC(=O)NC(C)C)c1	Torsemide	-0.19331148612929427	0.19052380086289422
aus_data_127	O=C(O)CCCc1c[nH]c2ccccc12	Indole-3-butyric acid	-1.4264405351235754	0.4266986391595263
amar_data_362	CC=CSS(=O)(=O)O	RUVGQUCSWPRGRF-UHFFFAOYSA-N	-0.7822173792853537	0.46138212095447895
aus_data_54+swe2_data_231	Nc1ncnc2nc[nH]c12	Adenine	-0.7889786056904107	0.4198880405994024
aus_data_143	NC(C(=O)O)C(O)c1ccccc1	L-threo-3-Phenylserine	-1.0424038485530875	0.2514415491892569
aus_data_0+swe2_data_421+swe2_data_0	CCCCCC(O)C(O)CC=CCCCCCCCC(=O)O	(+/-)12(13)-DiHOME	-0.5024472034306156	0.1762436908270254
aus_data_236+amar_data_393+snf_data_234+swe2_data_755	Nc1ccc(S(=O)(=O)Nc2ccccn2)cc1	Sulfapyridine	-0.7489551822586753	0.6539526898940901
aus_data_235	CC(C)=CCCC(C)O	Sulcatol	-1.2375663288204997	0.10667529729387375
swe2_data_455	O=P(O)(O)OC(CO)CO	Glycerol-2-phosphate	-1.6737283885256473	0.5719282175369156
aus_data_131+amar_data_250	CC(C)CCN	Isoamylamine	-1.4493655351370085	0.5389182641892154
amar_data_66	Cc1cccc(C(=O)NCC(=O)O)c1	3-Methylhippuric acid	-0.8395067557347814	0.20688609835217794
amar_data_131+swe2_data_279	CC(O)(CS(=O)(=O)c1ccc(F)cc1)C(=O)Nc1ccc(C#N)c(C(F)(F)F)c1	Bicalutamide	0.0007640138821229285	0.30450383680157456
swe2_data_756	COc1cc(O)c(C(=O)c2ccccc2)cc1S(=O)(=O)O	Sulisobenzone	-0.023583200750876433	0.026071279992858087
aus_data_189	CN(C)CC(c1ccc(O)cc1)C1(O)CCCCC1	O-Desmethylvenlafaxine	0.01246864055959803	0.03579632154784657
swe2_data_286	CCCCOC(=O)c1ccc(N)cc1	Butyl 4-aminobenzoate	-0.20620491515999267	0.42270913343771727
swe2_data_148	CC(=O)CCc1ccc(O)cc1	4-(4-Hydroxyphenyl)butan-2-one	-0.20930054175020535	0.21257202431587574
aus_data_167	CC(C)(C)NC(=O)NCCO	1-(2-Hydroxyethyl)-3-t-butylurea	-2.0359976532715214	0.2782578200039853
aus_data_53+swe2_data_225	CC(=O)OCC[N+](C)(C)C	Acetylcholine	-2.1525360774269573	0.32687620830699454
aus_data_150+amar_data_269+swe2_data_533	CCN(CC)CC(=O)Nc1c(C)cccc1C	Lidocaine	-0.15189937347697124	0.3915559678669795
swe2_data_320	CCCCCCCC=CC(=O)O	cis-2-Decenoic acid	-1.4381343068727195	0.5639713364009203
swe2_data_420	O=C(O)CC1CCC(=O)C1CC=CCCO	FA 12:3+2O	-0.9544574073996621	0.4150729081444907
swe2_data_99	O=C(O)CC1CC2CCC1C2	2-Norbornaneacetic acid	-0.44208205257057404	0.20117411043107744
amar_data_306	CNc1ncnc2nc[nH]c12	N6-Methyladenine	-1.5292796728758997	0.28055994999108863
amar_data_80	CC1(C)CC(O)CC(C)(C)N1CCO	4-Hydroxy-1-(2-hydroxyethyl)-2,2,6,6-tetramethylpiperidine	-0.3621981351983541	0.25285303144005916
aus_data_287+amar_data_55+swe2_data_89	CC(C)C(O)(CC(=O)O)C(=O)O	2-Isopropylmalic acid	-0.8968589029905055	0.30912324673477365
swe2_data_106	COc1cc(CCC(=O)O)cc(OC)c1OC	3-(3,4,5-trimethoxyphenyl)propanoic acid	-0.2863045825704981	0.16483906763326642
aus_data_282	O=C(O)CC1(C(=O)O)CCCCC1	1-(Carboxymethyl)cyclohexanecarboxylic acid	-0.8509275836749808	0.15046756109345785
aus_data_206+amar_data_351+swe2_data_662	OCCOCCOCCOCCOCCOCCOCCOCCO	3,6,9,12,15,18,21-Heptaoxatricosane-1,23-diol	-1.7297711794913695	0.3211018019875718
aus_data_257	CCOP(=O)(OCC)OCC	Triethyl phosphate	0.04604311666890102	0.11119648038365111
amar_data_165+snf_data_204	CC(C)(Oc1ccc(Cl)cc1)C(=O)O	Clofibric acid	-0.09810566005703161	0.40166585506640773
swe2_data_16	O=C(O)C1CC(=O)N(Cc2ccco2)C1	1-(2-Furylmethyl)-5-oxopyrrolidine-3-carboxylic acid	-0.7235674486726058	0.49729700639394214
amar_data_295+snf_data_3622+swe2_data_576	CN1CCN2c3ncccc3Cc3ccccc3C2C1	Mirtazapine	-0.5659790952502064	0.3393159209923463
swe2_data_209	Cc1ccc2ncccc2c1[N+](=O)[O-]	6-methyl-5-nitroquinoline	-1.038722338176475	0.6403814244899152
aus_data_251+amar_data_411+snf_data_2567+swe2_data_789	COc1cccc(C2(O)CCCCC2CN(C)C)c1	Tramadol	-0.13640928156355042	0.45429588960487116
aus_data_294+amar_data_50	O=C(O)CCc1ccc(O)cc1	3-(4-Hydroxyphenyl)propionic acid	-1.8326385722032157	0.2401311100254162
swe2_data_103	C=C(CC(=O)O)C(=O)O	2-Propene-1,2-dicarboxylic acid	-0.5836267986151276	0.5289613308341108
swe2_data_90	COc1ccccc1C=CC(=O)O	2-Methoxycinnamic acid	-0.6039053053789616	0.32808279831508236
swe2_data_43	O=C1NC(=O)c2ccccc21	1H-Isoindole-1,3(2H)-dione	-1.4258388629484495	0.2871888938448841
swe2_data_360	CC1CC2OC2C=CC(=O)CC(=O)O1	Decarestrictine F	-0.6209311165580992	0.35938734464932215
amar_data_189	COC(=O)CCCCCCCCC(=O)OC	Dimethyl sebacate	-0.4766245881994281	0.13697965692848138
amar_data_4+swe2_data_19	O=C(O)c1ccc(C(=O)O)c(C(=O)O)c1	1,2,4-Benzenetricarboxylic acid	-0.5802621465996658	0.3179951186354521
aus_data_156+amar_data_284+swe2_data_556	CNC(C)Cc1ccccc1	Methamphetamine	-1.1227193037398207	0.6519343942961768
aus_data_177	CCN(CC)CCO	N,N-Diethylethanolamine	-2.0738386113959373	0.08152256403663315
aus_data_278	CC12CCC(C(=O)O)(OC1=O)C2(C)C	(-)-Camphanic acid	-1.8550441498698158	0.13329084742242392
snf_data_11002	Cc1nc(-c2ccc(OCC(C)C)c(C#N)c2)sc1C(=O)O	Febuxostat	-0.1708813664848628	0.11548169633325978
aus_data_173+amar_data_323+swe2_data_620	CNC1Cc2ccccc2C1	N-methyl-2,3-dihydro-1H-inden-2-amine	-1.094241555097362	0.5794498917067259
aus_data_224+amar_data_361+swe2_data_703	CC(C)CC(NC(=O)C1CCCN1C(=O)OCc1ccccc1)C(=O)O	Prolylleucine	-1.7785821971952465	0.6524227731105618
amar_data_28+swe2_data_831	CC(C)C(N)C(=O)NC(Cc1ccccc1)C(=O)O	2-(2-amino-3-methylbutanamido)-3-phenylpropanoic acid	-1.3582702644869595	0.5557070538240797
aus_data_293	CC(C)(C)C(=O)C(C#N)=CNc1cccc2nsnc12	QZOMZISEDDJTHO-CMDGGOBGSA-N	-0.37339134524991624	0.46866340418913144
aus_data_16	Cc1c(N)cccc1N	2,6-Diaminotoluene	-1.6874901866525907	0.31674271629493866
swe2_data_454	NC(CCC(=O)O)C(=O)NC(Cc1ccc(O)cc1)C(=O)O	Glutamyltyrosine	-1.106382998634983	0.4298222853688431
aus_data_82+amar_data_171+swe2_data_342	CN1CC(=O)N=C1N	Creatinine	-1.7274285033929009	0.6759008641895691
swe2_data_101	O=C1Cc2ccccc2N1	2-Oxindole	-2.105412280705165	0.5684044275511149
aus_data_50	CC(=O)Nc1ccccc1	Acetanilide	-1.6915459862568138	0.37527270387855977
aus_data_214	O=C(O)C1CCCCN1	Pipecolic acid	-1.4568589452906844	0.1590721100197303
aus_data_162+amar_data_291+snf_data_172+swe2_data_570	COCCc1ccc(OCC(O)CNC(C)C)cc1	Metoprolol	-0.1779913656721691	0.2827839180062179
snf_data_133	CSc1nc(NC(C)C)nc(NC(C)C)n1	Prometryn	0.012687680164521136	0.10498966336855556
amar_data_84+swe2_data_42	Cc1cccc2n[nH]nc12	4-Methyl-1H-benzotriazole	-0.12027004590614881	0.19482119852539462
aus_data_255	CCCCOP(=O)(OCCCC)OCCCC	Tributyl phosphate	-0.05567420590573765	0.09427699050780058
swe2_data_64	O=C(O)c1cc(O)ccc1O	2,5-dihydroxy benzoic acid	-1.4041074965751903	0.7036227023971606
amar_data_136	CCCCCCC(CCC)c1ccc(S(=O)(=O)O)cc1	C10-LAS (TENTATIVE)	-1.0711772121396428	0.5721815084138538
aus_data_115+amar_data_222+swe2_data_459	CC(C)CC(NC(=O)CN)C(=O)O	Glycyl-L-leucine	-2.0857493203445974	0.6393915360388118
aus_data_47	CCCCCC=CC=CC(=O)CCCCCCCC(=O)O	9-Oxo-10(E),12(E)-octadecadienoic acid	-1.306439962280719	0.12278249702543163
swe2_data_744	CCCCC(CCCCC(=O)O)c1ccc(S(=O)(=O)O)cc1	SPA-10C (SAMPLE)	-0.47841364009867676	0.43537333550160306
amar_data_198+swe2_data_410	OCC(Cc1cccc(O)c1)C(CO)Cc1cccc(O)c1	Enterodiol	-1.8539011221091888	0.2103521244167068
swe2_data_322	CC(=CC(=O)O)C(=O)O	Citraconic Acid	-0.9235219600499198	0.5585976662523476
amar_data_220+swe2_data_453	NC(CCC(=O)NC(Cc1ccccc1)C(=O)O)C(=O)O	XHHOHZPNYFQJKL-UHFFFAOYSA-N	-1.5776208432800796	0.437615055185001
swe2_data_812	O=P(c1ccccc1)(c1ccccc1)c1ccccc1	triphenylphosphineoxide	-0.11842931197381423	0.08429810348082556
aus_data_83+amar_data_176+swe2_data_347	CC(C)CC1NC(=O)C2CCCN2C1=O	Cyclo(leucylprolyl)	-1.6910929384914102	0.44234730816338286
amar_data_85+swe2_data_176	Cc1ncsc1CCO	4-Methyl-5-thiazoleethanol	-1.1274945561674543	0.4377240199983729
swe2_data_228	CC(=O)N1CCCC1C(=O)O	Acetylproline	-1.0301999053862307	0.20436698034779854
swe2_data_585	CCCCCCCCCCN(C)C	N,N-Dimethyldecylamine	-1.441450722337103	0.4603970502669732
swe2_data_428	CC(C)(Oc1ccc(C(=O)c2ccc(Cl)cc2)cc1)C(=O)O	Fenofibric acid	-0.7558727480935387	0.4911835603638768
snf_data_2854+swe2_data_329	O=C(O)C(c1ccccc1Cl)N1CCc2sccc2C1	Clopidogrel carboxylic acid	-0.13935048873161682	0.1849581112496252
swe2_data_172	O=Cc1cccc2[nH]ccc12	4-Indolecarbaldehyde	-0.10642929283540743	0.1996512550846804
aus_data_314+amar_data_125+swe2_data_264	O=C(O)CCCCCCCC(=O)O	Azelaic acid	-0.8018394900888073	0.22829295773033007
swe2_data_590	CNCC(c1ccc(O)cc1)C1(O)CCCCC1	N,O-Didesmethylvenlafaxine	-0.274646684731304	0.36736086353850245
aus_data_39	Cc1ccc([N+](=O)[O-])cc1N	5-Nitro-o-toluidine	-2.6345555512208128	0.1540936081076668
amar_data_126+swe2_data_271	O=C(O)c1ccccc1	Benzoic acid	-0.6329318154129463	0.42180324220175147
swe2_data_180	O=C(O)c1ccc([N+](=O)[O-])cc1	4-Nitrobenzoic acid	-1.0561766920319005	0.5993100837547942
aus_data_84+swe2_data_349	NC1CCCCC1	Cyclohexylamine	-1.6904182192358321	0.23245379508352157
aus_data_40	COc1cc(C=CC2=NNC(=O)CC2)cc(OC)c1OC	6-(3,4,5-Trimethoxystyryl)-2,3,4,5-tetrahydropyridazin-3-one	-2.057624989218718	0.09697528629183051
aus_data_232+amar_data_370+snf_data_196+swe2_data_718	CNC(=C[N+](=O)[O-])NCCSCc1ccc(CN(C)C)o1	Ranitidine	-0.48948873627935113	0.33532466396790356
aus_data_151	CNC(C)Cc1ccc2c(c1)OCO2	MDMA	-0.12432096310214649	0.1265298960375508
swe2_data_92	Cc1ncc(C(=O)O)c(-c2ccccc2)n1	2-Methyl-4-phenyl-5-pyrimidinecarboxylic acid	-1.086936844886059	0.6025838211441249
amar_data_242+amar_data_58+swe2_data_129	O=Cc1c[nH]c2ccccc12	3-Formylindole	-0.7830198173314521	0.44910337293616853
aus_data_37+amar_data_94+swe2_data_194	COc1ccc2[nH]ccc2c1	5-Methoxyindole	-1.409339520176965	0.17055211443818172
swe2_data_160	Oc1ccc(Cl)cc1	4-Chlorophenol	-0.6670847047176951	0.3018577217497926
aus_data_30+swe2_data_166	O=Cc1ccc(O)cc1	4-Hydroxybenzaldehyde	-0.42596873227228116	0.3440031399302146
amar_data_29+swe2_data_53	N#CC(=CNc1ccc2c(c1)C(=O)OC2)C(=O)c1ccc(Cl)cc1	BAXLYEAEVMOZSJ-UKTHLTGXSA-N	-0.6439897489499503	0.5927531181266604
aus_data_266	NCCc1c[nH]c2ccccc12	Tryptamine	-1.8719840194314552	0.4172021749254455
amar_data_239	Cc1cc(C)c(S(=O)(=O)O)c(C)c1	2,4,6-Trimethylbenzenesulfonic acid	-2.93360900748373	0.6267307617247
aus_data_176+swe2_data_626	CN1CC(=O)NC1=O	N-Methylhydantoin	-1.2271185335853554	0.3102675406585177
aus_data_97+swe2_data_386	CCCCOP(=O)(O)OCCCC	Dibutyl phosphate	-0.16199788140074342	0.06704044683944362
amar_data_232	CC(C)=CCC1=C(O)C(O)(CC=C(C)C)C(=O)C(C(=O)CC(C)C)=C1O	Humulone	-0.6911142569593487	0.6020316163931861
swe2_data_609	CNCC(c1ccc(OC)cc1)C1(O)CCCCC1	N-Desmethylvenlafaxine	-0.1673577404191185	0.20667483940518475
aus_data_352+swe2_data_773	O=C(O)CCCCCCCCCCCCC(=O)O	Tetradecanedioic acid	-0.45833802541560287	0.25172795402640885
aus_data_121+swe2_data_475	CN(C)CCc1ccc(O)cc1	Hordenine	-1.1859630213778474	0.44041431152981775
amar_data_135+snf_data_24	N#Cc1cc(Br)c(O)c(Br)c1	Bromoxynil	-0.032383833116586394	0.058471023993660574
amar_data_319	CSCCC(NC=O)C(=O)O	N-Formylmethionine	-1.840696914837178	0.13606147035993238
snf_data_3200+swe2_data_343	CC=CC(=O)N(CC)c1ccccc1C	Crotamiton	-0.2244280642548106	0.17511429054919406
swe2_data_2	CC(C)C1CCC2=C(C(=O)OC2)C1C=C(CO)C(=O)O	(2E)-2-(hydroxymethyl)-3-[3-oxo-5-(propan-2-yl)-1,3,4,5,6,7-hexahydro-2-benzofuran-4-yl]prop-2-enoic acid	-0.038301243435239024	0.23649556956065712
amar_data_1+swe2_data_353	O=C(O)CC(O)C(=O)O	(R)-(+)-2-Hydroxysuccinic acid	-1.0014843250412173	0.2393441804300648
swe2_data_54	C=C(C(=O)O)C(CCCCCCO)C(=O)O	2-(6-Hydroxyhexyl)-3-methylenesuccinic acid	-0.5837627095815813	0.17798429441187968
aus_data_279	O=C1CC2C(CC(O)C2CO)O1	VYTZWRCSPHQSFX-GBNDHIKLSA-N	-0.9981103908613129	0.07911761799008428
aus_data_204+amar_data_349+swe2_data_660	OCCOCCOCCOCCOCCOCCO	Hexaethylene glycol	-1.8466859557938908	0.4364317017154804
swe2_data_671	CC(C)C(NC(=O)C(N)Cc1ccccc1)C(=O)O	Phenylalanylvaline	-1.2252798177997803	0.42638454350739374
aus_data_137+swe2_data_513	CC(N)C(=O)N1CCCC1C(=O)O	L-Alanyl-L-proline	-0.40742310609139654	0.35561581784415314
snf_data_2841+swe2_data_330	CN1CCN(C2=Nc3cc(Cl)ccc3Nc3ccccc32)CC1	Clozapine	-0.7324935532612142	0.41037558457213874
aus_data_301	CC(C)(C)C(CCC(=O)O)CC(=O)O	3-tert-Butyladipic acid	-0.5786632490733252	0.27321396672348736
aus_data_181	C[N+](C)(C)CCCCC(N)C(=O)[O-]	N6,N6,N6-Trimethyl-L-lysine	-1.127171618040592	0.07026832434329244
aus_data_215+swe2_data_683	O=C(C=CC=Cc1ccc2c(c1)OCO2)N1CCCCC1	Piperine	-1.5423748863308309	0.22590954666512872
aus_data_217	CC(O)COC(C)COC(C)COC(C)CO	PPG n4	-0.29137860998780035	0.3097654668244591
aus_data_116+swe2_data_460	NCC(=O)N1CCCC1C(=O)O	Glycylproline	-0.46411567582539015	0.49128699002120463
aus_data_27	O=c1c(N2CCCC2)c(N2CCOCC2)c1=O	3-Morpholino-4-tetrahydro-1H-pyrrol-1-ylcyclobut-3-ene-1,2-dione	-0.8536766489900642	0.18832076889757138
aus_data_49	CC(C)C1=CC2=CCC3C(C)(C(=O)O)CCCC3(C)C2CC1	Abietic acid	-0.6751741466397234	0.0770878135203307
aus_data_102+amar_data_276	NCCCCC(N)C(=O)O	DL-Lysine	-1.4458169253401125	0.3662633723979002
aus_data_72+swe2_data_315	C[N+](C)(C)CCO	Choline	-1.266778259719181	0.4766517128282244
amar_data_386	COc1cc(NS(=O)(=O)c2ccc(N)cc2)nc(OC)n1	sulfadimethoxine	-0.10295579949537516	0.06900156296942825
swe2_data_494	CC(=O)N(CC(O)CO)c1c(I)c(C(=O)NCC(O)CO)c(I)c(C(=O)NCC(O)CO)c1I	Iohexol	-0.6753632410762537	0.5236801580841877
swe2_data_52	NC(=O)Cc1ccc(O)c(O)c1	2-(3,4-dihydroxyphenyl)acetamide	-0.06707592466927248	0.2308293840181422
amar_data_307+swe2_data_597	CC(O)C(NC(=O)Nc1ncnc2c1ncn2C1OC(CO)C(O)C1O)C(=O)O	N6-Threonylcarbamoyladenosine	-1.485793888527304	0.19539715059593227
amar_data_56+swe2_data_135	O=C(O)C=Cc1cccc(O)c1	3-coumaric acid	-0.6867026397737939	0.45639955007465627
swe2_data_557	Cc1cc(O)cc(C)c1S(C)(=O)=O	Methiocarb-TP methiocarb sulfone phenol (M05)	-1.576482535958874	0.44043285049269093
aus_data_153	CCCNC(C)(C)COC(=O)c1ccccc1	Meprylcaine	-1.2081844253090743	0.7671978699663969
aus_data_138+amar_data_268+swe2_data_531	NC(CCC(=O)O)C(=O)O	L-Glutamic acid	-1.3670438214945488	0.49758350988839123
swe2_data_310	Oc1ccccc1O	Catechol	-1.0615207753528497	0.504104881816493
swe2_data_14	CCCCCC(O)CC(=O)CCc1ccc(O)c(OC)c1	[6]-Gingerol	-0.21860799077884946	0.2795165748000479
swe2_data_136	N#CC1(O)CN2CCC1CC2	3-hydroxyquinuclidine-3-carbonitrile hydrochloride	-0.15688051317059187	0.3667369520511712
aus_data_98+amar_data_186+swe2_data_51	OCCNCCO	Diethanolamine	-1.3573964614845906	0.38456468174733965
aus_data_136+amar_data_179	NC(=O)NCCCC(N)C(=O)O	L-(+)-Citrulline	-0.878446272593112	0.4640749181601076
aus_data_273+amar_data_438+snf_data_645+swe2_data_836	COc1ccc(C(CN(C)C)C2(O)CCCCC2)cc1	Venlafaxine	-0.13207009529379599	0.4397090864151648
aus_data_146+amar_data_262+swe2_data_526	CC(C)CC(N)C(=O)N1CCCC1C(=O)O	Leucylproline	-1.878489354975431	0.6766248887934146
swe2_data_126	Nc1ncnc2c1ncn2C1OC(CO)C(OP(=O)(O)O)C1O	3'-AMP	-2.0501829364140383	0.635777033331502
aus_data_36	CC(C)C(NC(=O)c1cc(-c2ccc(F)cc2)nn1CCCCCF)C(N)=O	5-Fluoro-3,5-AB-PFUPPYCA	-1.4598622492781579	0.28137079992154423
aus_data_171	O=CNCc1ccccc1	N-Benzylformamide	-1.0669467896306133	0.32014660716527904
snf_data_306+swe2_data_769	CCNc1nc(NC(C)(C)C)nc(SC)n1	Terbutryn	-0.17815886358365846	0.03307488565015866
amar_data_199+swe2_data_411	O=C1OCC(Cc2cccc(O)c2)C1Cc1cccc(O)c1	Enterolactone	-2.460829501157963	0.5042437189557382
snf_data_3352+swe2_data_390	CN(C)CCOC(c1ccccc1)c1ccccc1	Diphenhydramine	-0.11666838877641891	0.12181651018358479
aus_data_96	c1ccc(CNCc2ccccc2)cc1	Dibenzylamine	-0.1425568411953711	0.2587028313796039
aus_data_188+amar_data_334	CN(C)CC1CCCCC1(O)c1cccc(O)c1	O-Desmethyl-cis-tramadol	0.04440470924291792	0.2267802969110177
aus_data_178	CCN(C(C)C)C(C)C	N,N-Diisopropylethylamine (DIPEA)	-0.13979940665018223	0.11552076374353983
amar_data_406+swe2_data_781	CC(C)CC(NC(=O)C(N)C(C)O)C(=O)O	BQBCIBCLXBKYHW-UHFFFAOYSA-N	-1.6136222146600863	0.5995030457993232
aus_data_271	CC(C)C(N)C(=O)O	Valine	-2.1475465273537724	0.361517232763004
aus_data_252	NCC1CCCCC1O	trans-2-Aminomethyl-1-cyclohexanol	-1.04823684743811	0.48225876884549895
swe2_data_430	COc1cc(C=CC(=O)OC2C(O)CC(O)(C(=O)O)CC2O)ccc1O	Feruloyl quinic acid (isomer of 886, 888)	-0.33010649138227594	0.3284648488620381
amar_data_312+snf_data_202+swe2_data_604	COc1ccc2cc(C(C)C(=O)O)ccc2c1	Naproxen	-1.3800618335479422	0.5333012778835574
aus_data_338	CC(=O)NC1C(O)OC(CO)C(O)C1O	N-Acetyl-D-galactosamine	-1.5669857797862545	0.34391263075150047
aus_data_180+amar_data_301+swe2_data_589	NC(=Nc1ccccc1)Nc1ccccc1	N,N'-Diphenylguanidine	-0.24858037017261753	0.34154631808640257
swe2_data_672	O=S(=O)(O)c1ccc2nc(-c3ccccc3)[nH]c2c1	Phenylbenzimidazole sulfonic acid	-0.12314808139420905	0.20771081789619314
aus_data_316	CCCCOC(=O)c1ccc(O)cc1	Butylparaben	-1.6250438982486533	0.13886475393545117
amar_data_217+snf_data_3071+swe2_data_449	Cc1ccc(C)c(OCCCC(C)(C)C(=O)O)c1	Gemfibrozil	-0.2547111925638037	0.43504813543650417
swe2_data_256	O=C1OC(C(O)CO)C(O)=C1O	Ascorbic acid	-0.8449511522701167	0.47022070509857955
amar_data_190+swe2_data_385	CN(C)Cc1ccccc1	dimethylbenzylamine	-1.2756211942633422	0.6384344871941877
aus_data_126+amar_data_241	O=C(O)C=Cc1c[nH]c2ccccc12	Indole-3-acrylic acid	-2.444871886243682	0.7656426274363761
aus_data_14	Cc1nc(C)c(C)nc1C	2,3,5,6-Tetramethylpyrazine	-1.6466534648908067	0.36693534839932657
amar_data_184+snf_data_201+swe2_data_374	O=C(O)Cc1ccccc1Nc1c(Cl)cccc1Cl	Diclofenac	-0.058927191859469825	0.19817118968488145
aus_data_114+amar_data_214+swe2_data_443	NCC1(CC(=O)O)CCCCC1	Gabapentin	-0.4643611667935551	0.4093925839265589
aus_data_157+amar_data_285	CSCCC(N)C(=O)O	Methionine	-2.541075837751809	0.3270191696545084
aus_data_292	N#Cc1c(NCCO)ccc([N+](=O)[O-])c1NCCO	2,6-Bis(2-hydroxyethylamino)-3-nitrobenzonitrile	-2.0066407177936414	0.14094716098156032
aus_data_193+amar_data_342	CCCCCCCCCCCCCCCC(=O)NCCO	Palmitoyl ethanolamide	-1.2882288104992565	0.17862885122475103
aus_data_285	CCCCC(NC(C)=O)C(=O)O	2-(Acetylamino)hexanoic acid	-1.9142549844499894	0.20294006604452494
swe2_data_625	CCCCCCCCCCCCNC	N-Methyldodecylamine	-3.278281932196699	0.592910088030341
aus_data_24	Nc1cccc(C(=O)O)c1O	3-Aminosalicylic acid	-0.5987241930721551	0.26028477853205484
swe2_data_244	CC1=C2C3OC(=O)C(C)C3CCC2(C)C=CC1=O	alpha-Santonin	-0.8743747299419462	0.2972595449271214
aus_data_163+snf_data_2675+swe2_data_577	O=C(NCCN1CCOCC1)c1ccc(Cl)cc1	Moclobemide	-0.24642682727928727	0.32010184712564255
aus_data_246+amar_data_405+swe2_data_514	CC(O)C(N)C(=O)O	Threonine	-1.0788021150921605	0.2911070254059406
aus_data_289	O=S(=O)(O)c1ccc2ccccc2c1	2-Naphthalenesulfonic acid	-0.987755824696136	0.27502750827601086
swe2_data_521	NC(Cc1ccc(O)c(O)c1)C(=O)O	L-DOPA	0.07087240992994868	0.31652190243334505
snf_data_10552+swe2_data_735	CNC1CCC(c2ccc(Cl)c(Cl)c2)c2ccccc21	Sertraline	-0.7785268936254198	0.4279159536040078
swe2_data_441	OC(Cn1cncn1)(c1ccc(F)cc1)c1ccccc1F	Flutriafol	-0.21776216617791178	0.6500024120958545
amar_data_77	CCCC(C(=O)c1ccc(Cl)cc1)N1CCCC1	4-Chloro-alpha-pvp	-0.3076859455146133	0.3247279270019173
aus_data_63+amar_data_19+swe2_data_41	c1ccc2n[nH]nc2c1	Benzotriazole	-0.11582944671604116	0.2481602811476391
aus_data_341+swe2_data_227	CC(=O)NC(Cc1ccccc1)C(=O)O	N-Acetyl-L-phenylalanine	-1.2632596890626033	0.6935039617362668
aus_data_74+amar_data_160+swe2_data_321	CN(C)CCCC1(c2ccc(F)cc2)OCc2cc(C#N)ccc21	Citalopram	-0.3282113507438067	0.351745372802194
aus_data_234+amar_data_380+snf_data_170+swe2_data_743	CC(C)NCC(O)c1ccc(NS(C)(=O)=O)cc1	Sotalol	-0.09440150507549329	0.29383732995842515
swe2_data_344	CC=CC(=O)O	Crotonic acid	-0.7007226659048873	0.23911506492233955
amar_data_278+snf_data_308+swe2_data_547	Cc1cc(Cl)ccc1OC(C)C(=O)O	Mecoprop	-0.031189251223131587	0.338170434033158
amar_data_110	NCCCCN=C(N)N	Agmatine	-0.6571195826625504	0.5721020664417489
swe2_data_263	O=C1CCCCCCCCCCCN1	Azacyclotridecan-2-one	-0.3347152114418516	0.24414263882049056
aus_data_95+amar_data_181+swe2_data_369	CC1NC(=O)NC1CCCCCC(=O)O	Desthiobiotin	-0.17752119689093657	0.6067069332443232
